Артикул;Название;"Цена (руб)";Описание
"Первая категория / Подкатегория"
1;"Горох разный";10000;"Сайт рыбатекст поможет дизайнеру, верстальщику, вебмастеру сгенерировать несколько абзацев более менее осмысленного текста рыбы на русском языке, а начинающему оратору отточить навык публичных выступлений в домашних условиях. При создании генератора мы использовали небезызвестный универсальный код речей. Текст генерируется абзацами случайным образом от двух до десяти предложений в абзаце, что позволяет сделать текст более привлекательным и живым для визуально-слухового восприятия. По своей сути рыбатекст является альтернативой традиционному lorem ipsum, который вызывает у некторых клиентов недоумение при попытках прочитать рыбу текст. В отличии от lorem ipsum, текст рыба на русском языке наполнит любой макет непонятным смыслом и придаст неповторимый колорит советских времен."
2;Сметана1;5500;впавап
;Карясь;2344;ываыва
;Хлеб;33434;вапвп
3;Сельдь;1500;"При создании генератора мы использовали небезызвестный универсальный код речей. Текст генерируется абзацами случайным образом от двух до десяти предложений в абзаце, что позволяет сделать текст более привлекательным и живым для визуально-слухового восприятия. По своей сути рыбатекст является альтернативой традиционному lorem ipsum, который вызывает у некторых клиентов недоумение при попытках прочитать рыбу текст. В отличии от lorem ipsum, текст рыба на русском языке наполнит любой макет непонятным смыслом и придаст неповторимый колорит советских времен."
4;Кислона;150;цуацуацуа
5;Кружка;1600;вапвап
;Абрикос;;цуацуацуа
"Вторая категория / Подкатегория из второго уровня"
;"Дополнительный товар";550;фывфыв
